MASE,RMSSE,WAPE,runout_MAE_days,runout_n,runout_missed,model,fold,seed,cutoff
0.9593295788643453,2.986126005037141,0.7231341987423452,7.759358288770054,187,14,TSB_0.05_0.05,1,42,2025-04-17
0.9476235519758487,2.999097717161055,0.7219656990016297,8.508021390374331,187,21,TSB_0.05_0.1,1,42,2025-04-17
0.9361443397909659,3.006349620211147,0.7219157648608627,9.433155080213904,187,33,TSB_0.05_0.15,1,42,2025-04-17
0.9272112139265372,3.011111236137704,0.7228028841950652,10.20855614973262,187,38,TSB_0.05_0.2,1,42,2025-04-17
0.917522326864297,3.019224700896998,0.7273007422388954,11.20855614973262,187,49,TSB_0.05_0.3,1,42,2025-04-17
0.9140557949963519,3.0282259548172066,0.7328715751021275,12.540106951871659,187,58,TSB_0.05_0.4,1,42,2025-04-17
0.9155132701881127,3.0395346753393397,0.739678677968956,13.475935828877006,187,67,TSB_0.05_0.5,1,42,2025-04-17
0.9514279592390406,2.985253364452785,0.7200085245176372,7.7272727272727275,187,13,TSB_0.1_0.05,1,42,2025-04-17
0.9386319670315149,2.997727021014314,0.71781973677218,8.577540106951872,187,21,TSB_0.1_0.1,1,42,2025-04-17
0.926826536064493,3.0045032509578036,0.7175975148624397,9.411764705882353,187,29,TSB_0.1_0.15,1,42,2025-04-17
0.9178190096289113,3.008774196341949,0.7185813131848501,10.283422459893048,187,35,TSB_0.1_0.2,1,42,2025-04-17
0.9073576196097852,3.0158807115629935,0.7225551441348896,11.342245989304812,187,50,TSB_0.1_0.3,1,42,2025-04-17
0.9040127379101247,3.023663092190208,0.7284397138131702,12.53475935828877,187,62,TSB_0.1_0.4,1,42,2025-04-17
0.9051146628745649,3.0331860561398867,0.7354318422568108,13.545454545454545,187,68,TSB_0.1_0.5,1,42,2025-04-17
0.9497055777749601,2.9865043581182245,0.7219388412446738,7.919786096256685,187,11,TSB_0.15_0.05,1,42,2025-04-17
0.9362043117206348,2.998767720869974,0.7190838208155974,8.775401069518717,187,21,TSB_0.15_0.1,1,42,2025-04-17
0.9239735031059569,3.005391579716431,0.7185278465137794,9.695187165775401,187,30,TSB_0.15_0.15,1,42,2025-04-17
0.9148799920100944,3.0095321076297754,0.7195610387386787,10.433155080213904,187,35,TSB_0.15_0.2,1,42,2025-04-17
0.9040118730741288,3.016372071994722,0.7232159255658517,11.577540106951872,187,49,TSB_0.15_0.3,1,42,2025-04-17
0.9002070254499779,3.023803019070087,0.7287467329817359,12.695187165775401,187,62,TSB_0.15_0.4,1,42,2025-04-17
0.9011653843216056,3.0327963669237614,0.7357803007869321,13.689839572192513,187,71,TSB_0.15_0.5,1,42,2025-04-17
0.9495355689428213,2.987887121684096,0.7250109579706572,8.13903743315508,187,11,TSB_0.2_0.05,1,42,2025-04-17
0.9357540940912252,2.9999930157831693,0.7219596762314908,9.016042780748663,187,21,TSB_0.2_0.1,1,42,2025-04-17
0.9231357613610314,3.0065221776018833,0.7210758722368881,9.871657754010695,187,31,TSB_0.2_0.15,1,42,2025-04-17
0.9138000687355783,3.0105980756606443,0.7218367516749116,10.663101604278076,187,36,TSB_0.2_0.2,1,42,2025-04-17
0.9025386050968892,3.0172988275161954,0.7250331099969769,11.850267379679144,187,50,TSB_0.2_0.3,1,42,2025-04-17
0.8984543445097654,3.0245248943503427,0.7302882839250822,12.866310160427808,187,64,TSB_0.2_0.4,1,42,2025-04-17
0.8988729288180644,3.0332248623183333,0.7369180579361936,13.898395721925134,187,70,TSB_0.2_0.5,1,42,2025-04-17
0.9502316342186806,2.990359159163445,0.7318352076490203,8.684491978609625,187,11,TSB_0.3_0.05,1,42,2025-04-17
0.9358770527682809,3.002198219275269,0.7283722151511743,9.540106951871659,187,22,TSB_0.3_0.1,1,42,2025-04-17
0.9228789802935705,3.0085855105825567,0.727050735745978,10.288770053475936,187,33,TSB_0.3_0.15,1,42,2025-04-17
0.9131888914561225,3.012581791256681,0.7273111850717295,11.032085561497325,187,38,TSB_0.3_0.2,1,42,2025-04-17
0.9017423839924479,3.019088782711569,0.7303259863656943,12.256684491978609,187,54,TSB_0.3_0.3,1,42,2025-04-17
0.8969919667809023,3.025999944116417,0.73488635055266,13.133689839572192,187,64,TSB_0.3_0.4,1,42,2025-04-17
0.8966604964313342,3.034284853008074,0.7408718336793809,14.165775401069519,187,71,TSB_0.3_0.5,1,42,2025-04-17
0.950896835639871,2.992682269132608,0.7381615982950388,9.155080213903743,187,14,TSB_0.4_0.05,1,42,2025-04-17
0.936337330953426,3.0043074890307593,0.7345640181042327,9.973262032085561,187,25,TSB_0.4_0.1,1,42,2025-04-17
0.9232004229975499,3.0105871974616725,0.732913487645139,10.663101604278076,187,36,TSB_0.4_0.15,1,42,2025-04-17
0.9131503916842181,3.014527809166374,0.7326336461116429,11.368983957219251,187,42,TSB_0.4_0.2,1,42,2025-04-17
0.9016550227771825,3.020867111329293,0.7354150771215059,12.53475935828877,187,57,TSB_0.4_0.3,1,42,2025-04-17
0.8964647454420208,3.0274868846022027,0.7394650569661867,13.363636363636363,187,65,TSB_0.4_0.4,1,42,2025-04-17
0.8956040246417533,3.035413941317396,0.7449591292065301,14.422459893048128,187,70,TSB_0.4_0.5,1,42,2025-04-17
0.9519359933155053,2.995077622582495,0.744399539730798,9.51336898395722,187,16,TSB_0.5_0.05,1,42,2025-04-17
0.9374394119390693,3.0065266670839783,0.7408772258045013,10.368983957219251,187,26,TSB_0.5_0.1,1,42,2025-04-17
0.9240218046454595,3.0127170056272603,0.7387210485323846,11.074866310160427,187,38,TSB_0.5_0.15,1,42,2025-04-17
0.9138511246742677,3.0166108825908706,0.7381826828948148,11.748663101604278,187,45,TSB_0.5_0.2,1,42,2025-04-17
0.9023837767354977,3.022787960994276,0.7408807362105478,12.818181818181818,187,61,TSB_0.5_0.3,1,42,2025-04-17
0.896959466092375,3.029120608565611,0.7448772564751813,13.593582887700535,187,66,TSB_0.5_0.4,1,42,2025-04-17
0.895801069088227,3.0367086143641395,0.7501399406301551,14.72192513368984,187,71,TSB_0.5_0.5,1,42,2025-04-17
1.023416380590539,3.01687891363922,0.73092230026472,7.390374331550802,187,6,CrostonSBA,1,42,2025-04-17
0.9995043028941261,3.2246793934578464,0.8492253633604856,12.128342245989305,187,49,SeasonalNaive,1,42,2025-04-17
0.9097697128497824,3.5108541348018143,0.826573279941979,7.209677419354839,186,13,TSB_0.05_0.05,2,42,2025-05-01
0.9101355554260333,3.5232412402852447,0.8359351108683211,8.112903225806452,186,19,TSB_0.05_0.1,2,42,2025-05-01
0.9123956515975559,3.5293843783283676,0.8468486952823495,8.86021505376344,186,27,TSB_0.05_0.15,2,42,2025-05-01
0.9141902017247725,3.5338736162320603,0.8565977219619323,9.39247311827957,186,30,TSB_0.05_0.2,2,42,2025-05-01
0.9160839908841676,3.543339149572516,0.8721207448022611,10.32258064516129,186,39,TSB_0.05_0.3,2,42,2025-05-01
0.9188520916492441,3.5543193282680132,0.8841395717849108,11.198924731182796,186,49,TSB_0.05_0.4,2,42,2025-05-01
0.9241253678749801,3.5663852741801523,0.8945259770953266,12.048387096774194,186,56,TSB_0.05_0.5,2,42,2025-05-01
0.9101001352253997,3.5116297978732933,0.836409493954511,7.112903225806452,186,12,TSB_0.1_0.05,2,42,2025-05-01
0.9098658625729829,3.5229168306666647,0.8461306857672655,8.14516129032258,186,19,TSB_0.1_0.1,2,42,2025-05-01
0.9105337747705019,3.527721986628032,0.8563327029715597,8.887096774193548,186,26,TSB_0.1_0.15,2,42,2025-05-01
0.910707789667406,3.530728215960013,0.8652146324520005,9.440860215053764,186,30,TSB_0.1_0.2,2,42,2025-05-01
0.909479337001422,3.537127904296788,0.8788685382972677,10.268817204301076,186,38,TSB_0.1_0.3,2,42,2025-05-01
0.9098612713764479,3.545284745496606,0.8893510571264038,11.129032258064516,186,48,TSB_0.1_0.4,2,42,2025-05-01
0.9132763109530312,3.554911219105045,0.8984814103900468,11.951612903225806,186,56,TSB_0.1_0.5,2,42,2025-05-01
0.9145500067769717,3.513666179935875,0.8484966161609411,7.172043010752688,186,13,TSB_0.15_0.05,2,42,2025-05-01
0.9145851080284517,3.524825652093295,0.8587247959548236,8.225806451612904,186,19,TSB_0.15_0.1,2,42,2025-05-01
0.9149619258897244,3.529457669777515,0.8690749443287431,8.96774193548387,186,25,TSB_0.15_0.15,2,42,2025-05-01
0.9149524605358033,3.5322465373801464,0.8781699667693481,9.46236559139785,186,29,TSB_0.15_0.2,2,42,2025-05-01
0.9134562351214405,3.538143826112512,0.8921448585576874,10.295698924731182,186,37,TSB_0.15_0.3,2,42,2025-05-01
0.9132204121535848,3.545828952170038,0.9022332750798915,11.198924731182796,186,47,TSB_0.15_0.4,2,42,2025-05-01
0.9159906039193915,3.5550826191235316,0.9108741914466673,11.989247311827956,186,56,TSB_0.15_0.5,2,42,2025-05-01
0.9200251285970563,3.515712878792611,0.8603045072397957,7.317204301075269,186,13,TSB_0.2_0.05,2,42,2025-05-01
0.9200923473364605,3.526900464398027,0.8704302985694179,8.349462365591398,186,20,TSB_0.2_0.1,2,42,2025-05-01
0.9205645181663235,3.5315297171738007,0.8810334000805434,9.053763440860216,186,24,TSB_0.2_0.15,2,42,2025-05-01
0.9204598061649079,3.534296759501655,0.8902772783127435,9.489247311827956,186,29,TSB_0.2_0.2,2,42,2025-05-01
0.9188852403265906,3.540134509863273,0.9043958959864282,10.35483870967742,186,37,TSB_0.2_0.3,2,42,2025-05-01
0.9184365886668092,3.547798075401294,0.9144682452875681,11.182795698924732,186,47,TSB_0.2_0.4,2,42,2025-05-01
0.9208429801414705,3.5570937481282616,0.9228810317947591,11.978494623655914,186,56,TSB_0.2_0.5,2,42,2025-05-01
0.9299807059086408,3.519746204211592,0.8789241476399638,7.709677419354839,186,14,TSB_0.3_0.05,2,42,2025-05-01
0.9300239446228005,3.5310474935394494,0.8888212281931426,8.704301075268818,186,21,TSB_0.3_0.1,2,42,2025-05-01
0.9305470662300322,3.535696565232595,0.8995480681399987,9.36021505376344,186,26,TSB_0.3_0.15,2,42,2025-05-01
0.930278191060596,3.538453069925567,0.9088233437624832,9.758064516129032,186,31,TSB_0.3_0.2,2,42,2025-05-01
0.9281929517107679,3.5443016374242315,0.9226386792347441,10.456989247311828,186,38,TSB_0.3_0.3,2,42,2025-05-01
0.9270858801923785,3.552122102094975,0.9322368096755176,11.123655913978494,186,48,TSB_0.3_0.4,2,42,2025-05-01
0.9292303501428638,3.561735049925583,0.9406611721010112,11.93010752688172,186,56,TSB_0.3_0.5,2,42,2025-05-01
0.9382241521230997,3.5240244386927935,0.8930585056079876,8.14516129032258,186,17,TSB_0.4_0.05,2,42,2025-05-01
0.9385900662342667,3.5354522480992423,0.9032797865412202,9.182795698924732,186,25,TSB_0.4_0.1,2,42,2025-05-01
0.9389138648300889,3.540121514036061,0.9140238626031624,9.736559139784946,186,26,TSB_0.4_0.15,2,42,2025-05-01
0.9383736188492736,3.5428627725344835,0.9231055295533849,10.118279569892474,186,31,TSB_0.4_0.2,2,42,2025-05-01
0.9355759828750928,3.5487106010161376,0.9363058652448588,10.586021505376344,186,39,TSB_0.4_0.3,2,42,2025-05-01
0.9336975746139042,3.5566960361404836,0.9452130504315202,11.155913978494624,186,47,TSB_0.4_0.4,2,42,2025-05-01
0.9357253699956055,3.5666602286772617,0.9536286091347227,11.946236559139784,186,55,TSB_0.4_0.5,2,42,2025-05-01
0.9465255322813266,3.5289247936410004,0.9075899315542533,8.650537634408602,186,18,TSB_0.5_0.05,2,42,2025-05-01
0.9468770301355107,3.5405088411047045,0.9173731524100271,9.60752688172043,186,25,TSB_0.5_0.1,2,42,2025-05-01
0.9467725585164657,3.54525318454739,0.9275077044133053,10.13978494623656,186,29,TSB_0.5_0.15,2,42,2025-05-01
0.9458705480901863,3.5480310806451105,0.9362443862243878,10.53763440860215,186,34,TSB_0.5_0.2,2,42,2025-05-01
0.9422533062777915,3.5539358746418075,0.9488493348364954,10.801075268817204,186,38,TSB_0.5_0.3,2,42,2025-05-01
0.940075354980983,3.5621069781632695,0.9578026811096667,11.370967741935484,186,45,TSB_0.5_0.4,2,42,2025-05-01
0.941715242907401,3.5724382769427176,0.965822388166729,12.102150537634408,186,54,TSB_0.5_0.5,2,42,2025-05-01
0.937774963169968,3.4976202678600856,0.8263381302192956,6.397849462365591,186,7,CrostonSBA,2,42,2025-05-01
1.0960971586755226,3.8387523223193614,1.1412737178282923,11.473118279569892,186,39,SeasonalNaive,2,42,2025-05-01
0.9255168258054459,2.012703977519385,0.7418184165818689,7.956521739130435,184,14,TSB_0.05_0.05,3,42,2025-05-15
0.9181628239178806,2.0280352680025358,0.7402005358353378,9.277173913043478,184,20,TSB_0.05_0.1,3,42,2025-05-15
0.9177940916664327,2.0426680448312116,0.740267233006802,10.456521739130435,184,36,TSB_0.05_0.15,3,42,2025-05-15
0.92142317274252,2.0596991201335446,0.7416588579158877,11.271739130434783,184,41,TSB_0.05_0.2,3,42,2025-05-15
0.9340052405283498,2.1018921523917173,0.7469707307798753,12.61413043478261,184,52,TSB_0.05_0.3,3,42,2025-05-15
0.949666277515511,2.154455049995438,0.7547635272890926,13.793478260869565,184,61,TSB_0.05_0.4,3,42,2025-05-15
0.9665603077173498,2.2174668373923434,0.7640477882975685,15.03804347826087,184,70,TSB_0.05_0.5,3,42,2025-05-15
0.9192269920410985,2.0102346552567742,0.7409270556330069,8.097826086956522,184,13,TSB_0.1_0.05,3,42,2025-05-15
0.9112787455367058,2.024164300596383,0.738820592412689,9.456521739130435,184,21,TSB_0.1_0.1,3,42,2025-05-15
0.9104404587432987,2.0378495066217543,0.7383361829453118,10.554347826086957,184,34,TSB_0.1_0.15,3,42,2025-05-15
0.9139257461192288,2.054162265439057,0.7395363243826508,11.418478260869565,184,42,TSB_0.1_0.2,3,42,2025-05-15
0.9268933024267244,2.0954015157419454,0.7451590678455878,12.766304347826088,184,55,TSB_0.1_0.3,3,42,2025-05-15
0.942629442322474,2.147637502234713,0.752987856532574,13.945652173913043,184,63,TSB_0.1_0.4,3,42,2025-05-15
0.9596564411832724,2.2106734057697284,0.7620848820235097,15.21195652173913,184,72,TSB_0.1_0.5,3,42,2025-05-15
0.9188525433687188,2.011895447922316,0.7435033933212966,8.304347826086957,184,14,TSB_0.15_0.05,3,42,2025-05-15
0.9101931397124094,2.0257868242667882,0.7406347254802779,9.722826086956522,184,20,TSB_0.15_0.1,3,42,2025-05-15
0.9090871141317749,2.039564148455755,0.7398905487318286,10.798913043478262,184,35,TSB_0.15_0.15,3,42,2025-05-15
0.912076144533966,2.0560159893782615,0.7405480227475439,11.684782608695652,184,41,TSB_0.15_0.2,3,42,2025-05-15
0.9248367293301792,2.0978285437059268,0.746137506553598,12.956521739130435,184,55,TSB_0.15_0.3,3,42,2025-05-15
0.9405282099236888,2.1512729692264227,0.7538345796746826,14.059782608695652,184,64,TSB_0.15_0.4,3,42,2025-05-15
0.957261373010097,2.2161131334685726,0.7628033716359703,15.331521739130435,184,74,TSB_0.15_0.5,3,42,2025-05-15
0.9202910610346349,2.0144570336862784,0.7476807242062379,8.603260869565217,184,14,TSB_0.2_0.05,3,42,2025-05-15
0.9110303723012073,2.028493035163941,0.7443392224564916,10.005434782608695,184,21,TSB_0.2_0.1,3,42,2025-05-15
0.9095926606475253,2.0425731595863637,0.7432665897734206,11.03804347826087,184,35,TSB_0.2_0.15,3,42,2025-05-15
0.9122560990149366,2.0594249337147854,0.7436636957981423,11.923913043478262,184,41,TSB_0.2_0.2,3,42,2025-05-15
0.9243562685572878,2.1025053142958727,0.7486043627822491,13.184782608695652,184,56,TSB_0.2_0.3,3,42,2025-05-15
0.9398397027927163,2.158067596703923,0.7559665413857255,14.244565217391305,184,64,TSB_0.2_0.4,3,42,2025-05-15
0.9565348485795504,2.2258274496845942,0.7648855545284945,15.456521739130435,184,73,TSB_0.2_0.5,3,42,2025-05-15
0.9249916125284615,2.0204334948779703,0.7579972411855008,9.445652173913043,184,15,TSB_0.3_0.05,3,42,2025-05-15
0.9148862527756758,2.034918002411122,0.7540222719428067,10.701086956521738,184,22,TSB_0.3_0.1,3,42,2025-05-15
0.912705175029491,2.049887747002603,0.752247877480493,11.66304347826087,184,36,TSB_0.3_0.15,3,42,2025-05-15
0.9148942179799358,2.0679701651036067,0.7521412577737124,12.548913043478262,184,43,TSB_0.3_0.2,3,42,2025-05-15
0.925548916164694,2.114837354937189,0.7552225027623903,13.641304347826088,184,57,TSB_0.3_0.3,3,42,2025-05-15
0.9405858380204063,2.1762723334170837,0.7615334231281453,14.619565217391305,184,65,TSB_0.3_0.4,3,42,2025-05-15
0.9572413408407878,2.251789536391784,0.7700481430781048,15.73913043478261,184,73,TSB_0.3_0.5,3,42,2025-05-15
0.9306097464927112,2.0267502045693564,0.7695049020488356,10.33695652173913,184,17,TSB_0.4_0.05,3,42,2025-05-15
0.9197532050361674,2.041792561217221,0.7646578889987918,11.46195652173913,184,25,TSB_0.4_0.1,3,42,2025-05-15
0.916888103169807,2.057835543524251,0.7622324419740096,12.38586956521739,184,36,TSB_0.4_0.15,3,42,2025-05-15
0.9188810969350169,2.0774189209811262,0.7617705736889037,13.217391304347826,184,43,TSB_0.4_0.2,3,42,2025-05-15
0.9292651982248921,2.12881232539633,0.7643013228553155,14.25,184,56,TSB_0.4_0.3,3,42,2025-05-15
0.9443580102183046,2.1969818697558443,0.7702918597508761,15.108695652173912,184,65,TSB_0.4_0.4,3,42,2025-05-15
0.9609349134557921,2.2811366831736675,0.7780050201064214,16.141304347826086,184,73,TSB_0.4_0.5,3,42,2025-05-15
0.9362517610554372,2.0331412621691713,0.7812888584450697,11.190217391304348,184,21,TSB_0.5_0.05,3,42,2025-05-15
0.9248563756010778,2.048738041689772,0.7757577564809333,12.11413043478261,184,29,TSB_0.5_0.1,3,42,2025-05-15
0.9216836326206297,2.065862377758688,0.7729477656776735,13.032608695652174,184,40,TSB_0.5_0.15,3,42,2025-05-15
0.9236430684886957,2.0869645214857995,0.7724699416141146,13.86413043478261,184,47,TSB_0.5_0.2,3,42,2025-05-15
0.9344323667980183,2.142893545989901,0.775288021018057,14.777173913043478,184,60,TSB_0.5_0.3,3,42,2025-05-15
0.9496076686451373,2.217674013293915,0.7810089756255244,15.646739130434783,184,67,TSB_0.5_0.4,3,42,2025-05-15
0.9663615344072933,2.310159586668721,0.788202110678459,16.652173913043477,184,75,TSB_0.5_0.5,3,42,2025-05-15
0.9662909526248237,1.9895509657815513,0.7457737241744445,6.760869565217392,184,4,CrostonSBA,3,42,2025-05-15
1.0047662315550228,2.475312537825906,0.8956463941508807,12.673913043478262,184,50,SeasonalNaive,3,42,2025-05-15
1.056362116200701,3.5626840905905057,0.7462887637341344,8.214659685863875,191,19,TSB_0.05_0.05,1,43,2025-04-17
1.0616890040040807,3.5816407650945177,0.7473839933063932,8.890052356020943,191,26,TSB_0.05_0.1,1,43,2025-04-17
1.059729677402487,3.595265137531089,0.7474297246617395,9.591623036649215,191,30,TSB_0.05_0.15,1,43,2025-04-17
1.05404723932377,3.6023705176457375,0.7474217756505659,10.418848167539267,191,38,TSB_0.05_0.2,1,43,2025-04-17
1.0383815930807727,3.606594444600994,0.7483726746068364,11.780104712041885,191,49,TSB_0.05_0.3,1,43,2025-04-17
1.0227972658564313,3.6080283136451587,0.7503584467009999,12.811518324607329,191,60,TSB_0.05_0.4,1,43,2025-04-17
1.0120834938429737,3.6111191633437576,0.7538586009184985,13.55497382198953,191,70,TSB_0.05_0.5,1,43,2025-04-17
1.0545413676150353,3.562973605043793,0.748310020822548,8.141361256544503,191,18,TSB_0.1_0.05,1,43,2025-04-17
1.059514266968803,3.581859902931735,0.7495209787713746,8.87434554973822,191,24,TSB_0.1_0.1,1,43,2025-04-17
1.0577400383660087,3.5955086958674096,0.7494873249356069,9.732984293193716,191,29,TSB_0.1_0.15,1,43,2025-04-17
1.0523104151099167,3.6027482873201158,0.7494601395601193,10.570680628272251,191,37,TSB_0.1_0.2,1,43,2025-04-17
1.0376319287508522,3.607480523239596,0.7504800336177185,11.916230366492147,191,50,TSB_0.1_0.3,1,43,2025-04-17
1.023709590174795,3.609633817756157,0.7532488608528738,12.979057591623036,191,59,TSB_0.1_0.4,1,43,2025-04-17
1.0146389061894576,3.6135424683543254,0.7576151513838995,13.785340314136125,191,70,TSB_0.1_0.5,1,43,2025-04-17
1.0554155055936305,3.5645785980294686,0.7525204501262396,8.387434554973822,191,17,TSB_0.15_0.05,1,43,2025-04-17
1.0597856271634094,3.583385047626052,0.7534101181381069,9.06282722513089,191,24,TSB_0.15_0.1,1,43,2025-04-17
1.0577360443693629,3.596959861306686,0.753140232222035,9.958115183246074,191,30,TSB_0.15_0.15,1,43,2025-04-17
1.0521478969704865,3.6041826203035026,0.7529048894012965,10.801047120418849,191,37,TSB_0.15_0.2,1,43,2025-04-17
1.0376405877162616,3.608995351972997,0.7536608607401438,12.089005235602095,191,52,TSB_0.15_0.3,1,43,2025-04-17
1.0241235766562407,3.611302589457278,0.7564735745800996,13.167539267015707,191,59,TSB_0.15_0.4,1,43,2025-04-17
1.015619545845781,3.6153990475308104,0.7611174935815133,13.963350785340314,191,71,TSB_0.15_0.5,1,43,2025-04-17
1.0572697668161077,3.566289766856218,0.7578725172878942,8.602094240837696,191,17,TSB_0.2_0.05,1,43,2025-04-17
1.0610341509578856,3.5850251634769523,0.7584945771287637,9.3717277486911,191,25,TSB_0.2_0.1,1,43,2025-04-17
1.0586442549445878,3.598507720250827,0.757908529867486,10.18324607329843,191,32,TSB_0.2_0.15,1,43,2025-04-17
1.0529186130145385,3.6056752696513423,0.7574554829847852,11.078534031413612,191,39,TSB_0.2_0.2,1,43,2025-04-17
1.0382691217382274,3.6104471785544887,0.757883048651181,12.261780104712042,191,52,TSB_0.2_0.3,1,43,2025-04-17
1.0247793204782967,3.612741795820366,0.7603336155789574,13.335078534031414,191,62,TSB_0.2_0.4,1,43,2025-04-17
1.0162659202473694,3.6168293974529275,0.7647919856226059,14.136125654450261,191,71,TSB_0.2_0.5,1,43,2025-04-17
1.0611067550187527,3.569697785917338,0.7674880318634826,9.24607329842932,191,17,TSB_0.3_0.05,1,43,2025-04-17
1.0638480256619196,3.5883223068186596,0.7677210533339983,9.979057591623036,191,27,TSB_0.3_0.1,1,43,2025-04-17
1.0610772725067854,3.6016272693791764,0.76717938849777,10.717277486910994,191,32,TSB_0.3_0.15,1,43,2025-04-17
1.0554495470296354,3.6086816258878485,0.7668306208029949,11.450261780104713,191,41,TSB_0.3_0.2,1,43,2025-04-17
1.0407148924743101,3.613350385382888,0.7669665965511892,12.659685863874346,191,53,TSB_0.3_0.3,1,43,2025-04-17
1.0270148944674602,3.615579157786683,0.7689663493505524,13.659685863874346,191,63,TSB_0.3_0.4,1,43,2025-04-17
1.018462809266851,3.6195930221440964,0.7731744095427184,14.429319371727749,191,72,TSB_0.3_0.5,1,43,2025-04-17
1.0654919533381555,3.573256270730371,0.7770044804790384,9.921465968586388,191,19,TSB_0.4_0.05,1,43,2025-04-17
1.0681297174136657,3.5917682502863655,0.7776855081750377,10.539267015706807,191,29,TSB_0.4_0.1,1,43,2025-04-17
1.0648021171357844,3.604886088011394,0.7767279961287019,11.277486910994764,191,34,TSB_0.4_0.15,1,43,2025-04-17
1.0589850104138336,3.611831837274704,0.7761539485431699,11.93717277486911,191,41,TSB_0.4_0.2,1,43,2025-04-17
1.0439574988097238,3.6164477662232803,0.7759044713135858,13.094240837696335,191,54,TSB_0.4_0.3,1,43,2025-04-17
1.0299559073270523,3.6186891865632043,0.777364376537714,14.083769633507853,191,62,TSB_0.4_0.4,1,43,2025-04-17
1.0213321642891244,3.622720415821048,0.7813382191327669,14.785340314136125,191,72,TSB_0.4_0.5,1,43,2025-04-17
1.0708135902867457,3.577018374059955,0.7873182627779676,10.586387434554974,191,20,TSB_0.5_0.05,1,43,2025-04-17
1.0732810944100315,3.595371578387317,0.788279982827269,11.13089005235602,191,30,TSB_0.5_0.1,1,43,2025-04-17
1.0697931686907123,3.608255446421037,0.7873090853662128,11.821989528795811,191,35,TSB_0.5_0.15,1,43,2025-04-17
1.0637280803850948,3.6150700052446316,0.7864825439871727,12.460732984293193,191,43,TSB_0.5_0.2,1,43,2025-04-17
1.0485660035630455,3.619653642361812,0.7858615512362322,13.518324607329843,191,52,TSB_0.5_0.3,1,43,2025-04-17
1.034163738959477,3.6219704104781765,0.7866607671820663,14.424083769633508,191,62,TSB_0.5_0.4,1,43,2025-04-17
1.0254808633218193,3.626094611301231,0.7905289502960923,15.157068062827225,191,72,TSB_0.5_0.5,1,43,2025-04-17
1.1197275545273129,3.548956388580678,0.7502879707553606,7.450261780104712,191,6,CrostonSBA,1,43,2025-04-17
1.2076656072605625,4.122184132057408,0.9265734265734266,12.717277486910994,191,50,SeasonalNaive,1,43,2025-04-17
0.9098214906393203,2.043593429654628,0.8192748680498413,7.022222222222222,180,10,TSB_0.05_0.05,2,43,2025-05-01
0.9277644580124462,2.0577525490150808,0.8252521001085668,7.383333333333334,180,17,TSB_0.05_0.1,2,43,2025-05-01
0.9388281769758153,2.0759276791433274,0.8301343762138466,7.861111111111111,180,21,TSB_0.05_0.15,2,43,2025-05-01
0.9467433992653694,2.0941142382692393,0.8345029187162961,8.344444444444445,180,24,TSB_0.05_0.2,2,43,2025-05-01
0.9557685900676612,2.1259168881088493,0.8409317694357965,9.277777777777779,180,30,TSB_0.05_0.3,2,43,2025-05-01
0.9583294579056474,2.154573570536977,0.8451124307156103,10.066666666666666,180,40,TSB_0.05_0.4,2,43,2025-05-01
0.9577829233318722,2.1870089965462736,0.8484492267125026,10.633333333333333,180,43,TSB_0.05_0.5,2,43,2025-05-01
0.9146155389155833,2.0445427333266046,0.8318167503795417,6.966666666666667,180,9,TSB_0.1_0.05,2,43,2025-05-01
0.9337301549938088,2.059416629625047,0.8385182373025116,7.427777777777778,180,16,TSB_0.1_0.1,2,43,2025-05-01
0.946024592265139,2.0785845893302763,0.8441957925398605,7.911111111111111,180,21,TSB_0.1_0.15,2,43,2025-05-01
0.9555431825248171,2.098125941058045,0.8496717197559179,8.355555555555556,180,25,TSB_0.1_0.2,2,43,2025-05-01
0.967569284436743,2.133482621831036,0.8581715877835918,9.344444444444445,180,30,TSB_0.1_0.3,2,43,2025-05-01
0.9732969310682524,2.1663831742814508,0.8647100555383244,10.227777777777778,180,39,TSB_0.1_0.4,2,43,2025-05-01
0.9760020151537426,2.203422824953342,0.8703251543721251,10.85,180,44,TSB_0.1_0.5,2,43,2025-05-01
0.9229171307729652,2.048509120641135,0.8476282441470487,7.105555555555555,180,11,TSB_0.15_0.05,2,43,2025-05-01
0.942935918940772,2.0642991906201726,0.8546208745325099,7.6722222222222225,180,16,TSB_0.15_0.1,2,43,2025-05-01
0.9562710186377938,2.084569833405334,0.8609486708831737,8.083333333333334,180,21,TSB_0.15_0.15,2,43,2025-05-01
0.9665967742394644,2.105323947102489,0.8669596966720645,8.466666666666667,180,25,TSB_0.15_0.2,2,43,2025-05-01
0.9800331970829029,2.1433574018856154,0.8764940680402898,9.444444444444445,180,30,TSB_0.15_0.3,2,43,2025-05-01
0.9871519532587264,2.1792527866838443,0.8839451610801163,10.311111111111112,180,37,TSB_0.15_0.4,2,43,2025-05-01
0.9912934460269467,2.219487451305493,0.8904987435520954,11.03888888888889,180,44,TSB_0.15_0.5,2,43,2025-05-01
0.9307105307158849,2.0528648496073143,0.861246239491929,7.277777777777778,180,11,TSB_0.2_0.05,2,43,2025-05-01
0.9514846162973706,2.0695182763080875,0.8686465489961364,7.805555555555555,180,16,TSB_0.2_0.1,2,43,2025-05-01
0.9656334604522709,2.090821408490969,0.8754279992729371,8.188888888888888,180,21,TSB_0.2_0.15,2,43,2025-05-01
0.9766235678455197,2.1126650595822762,0.8818029470164446,8.522222222222222,180,24,TSB_0.2_0.2,2,43,2025-05-01
0.9904697334916641,2.152977877610516,0.8913773113272807,9.511111111111111,180,29,TSB_0.2_0.3,2,43,2025-05-01
0.9985064032433297,2.1913144901298174,0.8992607467519338,10.377777777777778,180,37,TSB_0.2_0.4,2,43,2025-05-01
1.0032967263077373,2.234055550085076,0.906221750455224,11.133333333333333,180,44,TSB_0.2_0.5,2,43,2025-05-01
0.942522921471706,2.061114418948762,0.8802490553135569,7.627777777777778,180,12,TSB_0.3_0.05,2,43,2025-05-01
0.9641129776325228,2.0792053621360083,0.8875224309748407,8.166666666666666,180,17,TSB_0.3_0.1,2,43,2025-05-01
0.979270263652424,2.1022904507935367,0.8946024729461658,8.483333333333333,180,23,TSB_0.3_0.15,2,43,2025-05-01
0.9909943524673878,2.126027105492588,0.9012198991900519,8.716666666666667,180,25,TSB_0.3_0.2,2,43,2025-05-01
1.0053273208704376,2.1702157846321715,0.9106479616464864,9.622222222222222,180,28,TSB_0.3_0.3,2,43,2025-05-01
1.0144760802481922,2.2124748869089172,0.9189916636531411,10.555555555555555,180,37,TSB_0.3_0.4,2,43,2025-05-01
1.0200518230043836,2.258937967243815,0.9263774544863872,11.255555555555556,180,44,TSB_0.3_0.5,2,43,2025-05-01
0.9510394707086554,2.0686765169796293,0.892826697551024,8.083333333333334,180,12,TSB_0.4_0.05,2,43,2025-05-01
0.973075658163084,2.087884566483342,0.899566582292538,8.45,180,19,TSB_0.4_0.1,2,43,2025-05-01
0.9885404526359696,2.1124076972004486,0.9062593324007596,8.75,180,23,TSB_0.4_0.15,2,43,2025-05-01
1.0002270559237527,2.1377056087429107,0.912311269096607,8.966666666666667,180,25,TSB_0.4_0.2,2,43,2025-05-01
1.0153313050664656,2.185014796390975,0.9220258716423184,9.761111111111111,180,28,TSB_0.4_0.3,2,43,2025-05-01
1.0244639061998115,2.2301058327792846,0.9298330389409755,10.727777777777778,180,37,TSB_0.4_0.4,2,43,2025-05-01
1.0299740347507695,2.2787822681519936,0.9367997239765951,11.422222222222222,180,46,TSB_0.4_0.5,2,43,2025-05-01
0.9574526034954738,2.0759629701546816,0.9020462386079637,8.477777777777778,180,16,TSB_0.5_0.05,2,43,2025-05-01
0.9797636154707036,2.096061781767897,0.9084169900438586,8.78888888888889,180,21,TSB_0.5_0.1,2,43,2025-05-01
0.9951678457063267,2.121736519370522,0.9144030734229054,8.95,180,26,TSB_0.5_0.15,2,43,2025-05-01
1.0068247424868386,2.148299149023539,0.9200881763632008,9.183333333333334,180,26,TSB_0.5_0.2,2,43,2025-05-01
1.022218522658926,2.1980117401126984,0.929456626616578,9.977777777777778,180,30,TSB_0.5_0.3,2,43,2025-05-01
1.0308023421218269,2.2448707511934693,0.9364688340475407,10.855555555555556,180,39,TSB_0.5_0.4,2,43,2025-05-01
1.0355813435032424,2.2942844963820357,0.9423930602298235,11.577777777777778,180,49,TSB_0.5_0.5,2,43,2025-05-01
0.9426487279273091,2.0572454732468604,0.8191601766167946,6.538888888888889,180,4,CrostonSBA,2,43,2025-05-01
1.2014338614346505,3.072391659078963,1.1381205348965011,9.838888888888889,180,25,SeasonalNaive,2,43,2025-05-01
0.9681207381317037,3.210952421121505,0.7194198864270402,6.260869565217392,184,11,TSB_0.05_0.05,3,43,2025-05-15
0.9700031437048884,3.204181047182054,0.7176289748316508,7.538043478260869,184,15,TSB_0.05_0.1,3,43,2025-05-15
0.9671932655747788,3.2082346431859317,0.7159035397740963,8.826086956521738,184,22,TSB_0.05_0.15,3,43,2025-05-15
0.9639372226588923,3.2191016160372725,0.7148837927592188,10.157608695652174,184,30,TSB_0.05_0.2,3,43,2025-05-15
0.9588486162552349,3.2549196412325814,0.7145609810864297,12.065217391304348,184,52,TSB_0.05_0.3,3,43,2025-05-15
0.9566342577663005,3.3047483554990467,0.7154639949783606,13.0,184,62,TSB_0.05_0.4,3,43,2025-05-15
0.9575542773103721,3.363766924192367,0.7168056164481283,13.673913043478262,184,67,TSB_0.05_0.5,3,43,2025-05-15
0.9700457920080564,3.2130998904367547,0.7250853902923909,6.532608695652174,184,11,TSB_0.1_0.05,3,43,2025-05-15
0.9724890030323375,3.2062050797383703,0.7238343465593152,7.929347826086956,184,17,TSB_0.1_0.1,3,43,2025-05-15
0.9702078183130886,3.209857465031558,0.7225788226301978,9.152173913043478,184,24,TSB_0.1_0.15,3,43,2025-05-15
0.9669661662254196,3.2200870081476327,0.7216037553658696,10.358695652173912,184,34,TSB_0.1_0.2,3,43,2025-05-15
0.961543610343094,3.253971715750289,0.7209695590674823,12.179347826086957,184,50,TSB_0.1_0.3,3,43,2025-05-15
0.9594299240102231,3.3009346629013936,0.7219897884458019,13.23913043478261,184,62,TSB_0.1_0.4,3,43,2025-05-15
0.9608565357585995,3.3561050404009243,0.7237951748888933,14.048913043478262,184,67,TSB_0.1_0.5,3,43,2025-05-15
0.9728728090277979,3.2152261035869505,0.7311997268162297,6.880434782608695,184,10,TSB_0.15_0.05,3,43,2025-05-15
0.9750066949930889,3.208171401160711,0.729876677118077,8.326086956521738,184,18,TSB_0.15_0.1,3,43,2025-05-15
0.9726474904717751,3.2115198590450063,0.7287015438877206,9.581521739130435,184,27,TSB_0.15_0.15,3,43,2025-05-15
0.9693384844229078,3.2212481217954703,0.7278580976123769,10.71195652173913,184,34,TSB_0.15_0.2,3,43,2025-05-15
0.9637696874883522,3.253527357018686,0.7271965085705191,12.407608695652174,184,49,TSB_0.15_0.3,3,43,2025-05-15
0.9613778173350565,3.2980745985915445,0.7281579001117261,13.521739130434783,184,60,TSB_0.15_0.4,3,43,2025-05-15
0.9628301510131402,3.3499856025186,0.729885285714845,14.320652173913043,184,67,TSB_0.15_0.5,3,43,2025-05-15
0.976104673766808,3.217285133820734,0.7379278741589694,7.271739130434782,184,10,TSB_0.2_0.05,3,43,2025-05-15
0.9777138323763161,3.21008674708478,0.7362571263512195,8.695652173913043,184,19,TSB_0.2_0.1,3,43,2025-05-15
0.9751621420853109,3.213206583630861,0.7351235194603073,9.940217391304348,184,28,TSB_0.2_0.15,3,43,2025-05-15
0.9717015293336234,3.222552038286844,0.7342221556599628,10.994565217391305,184,36,TSB_0.2_0.2,3,43,2025-05-15
0.9659349913272135,3.2535680203368376,0.7336086803416201,12.603260869565217,184,48,TSB_0.2_0.3,3,43,2025-05-15
0.9633573515263972,3.2961866544188188,0.7345213599918994,13.777173913043478,184,60,TSB_0.2_0.4,3,43,2025-05-15
0.964679740073885,3.345481251959493,0.736153125495385,14.608695652173912,184,68,TSB_0.2_0.5,3,43,2025-05-15
0.9820088569183723,3.2213787484311465,0.7496465198543717,7.983695652173913,184,12,TSB_0.3_0.05,3,43,2025-05-15
0.9829373835249043,3.2139777148196487,0.7477354640180357,9.331521739130435,184,16,TSB_0.3_0.1,3,43,2025-05-15
0.9797255376592128,3.2168152955142575,0.7460709820073115,10.521739130434783,184,28,TSB_0.3_0.15,3,43,2025-05-15
0.9760468498618429,3.2256641324495874,0.745079541952522,11.53804347826087,184,38,TSB_0.3_0.2,3,43,2025-05-15
0.9697187380551543,3.25496173943549,0.7440956761939451,13.130434782608695,184,46,TSB_0.3_0.3,3,43,2025-05-15
0.9665159220114821,3.2949121189013897,0.7443584077869997,14.233695652173912,184,60,TSB_0.3_0.4,3,43,2025-05-15
0.9675081891850016,3.340578297587888,0.7459206499545725,15.081521739130435,184,68,TSB_0.3_0.5,3,43,2025-05-15
0.9880637352408234,3.2254709989598984,0.7605450769769432,8.630434782608695,184,13,TSB_0.4_0.05,3,43,2025-05-15
0.9880518194000797,3.2179104374499476,0.7579112650472499,9.951086956521738,184,19,TSB_0.4_0.1,3,43,2025-05-15
0.9841911740310558,3.2205901757713136,0.7558220722360237,11.141304347826088,184,29,TSB_0.4_0.15,3,43,2025-05-15
0.9802781606125309,3.229162864259793,0.7545988180226563,12.11413043478261,184,38,TSB_0.4_0.2,3,43,2025-05-15
0.9736131008821032,3.257456678568204,0.7534652016157404,13.554347826086957,184,48,TSB_0.4_0.3,3,43,2025-05-15
0.9701891502675357,3.2958383171164427,0.7534250120981442,14.695652173913043,184,60,TSB_0.4_0.4,3,43,2025-05-15
0.9707736802727338,3.339399013877103,0.7547993642491373,15.608695652173912,184,67,TSB_0.4_0.5,3,43,2025-05-15
0.9942475488990291,3.2296437008445094,0.7712370735368282,9.255434782608695,184,14,TSB_0.5_0.05,3,43,2025-05-15
0.9935143526555322,3.2218928614873295,0.7681485684406059,10.597826086956522,184,22,TSB_0.5_0.1,3,43,2025-05-15
0.9892161266382294,3.2244473728705754,0.7659018205503938,11.679347826086957,184,35,TSB_0.5_0.15,3,43,2025-05-15
0.9850699810295923,3.2328489185896037,0.7644709349542913,12.668478260869565,184,40,TSB_0.5_0.2,3,43,2025-05-15
0.9781061143039332,3.2605354371608684,0.763147746505849,14.01086956521739,184,51,TSB_0.5_0.3,3,43,2025-05-15
0.9746763611347609,3.297996388668276,0.7632334849788468,15.233695652173912,184,61,TSB_0.5_0.4,3,43,2025-05-15
0.9752239153340088,3.3403772573681123,0.764730581873906,16.14673913043478,184,69,TSB_0.5_0.5,3,43,2025-05-15
1.0041114881961084,3.2323683080099253,0.7281465654895237,6.092391304347826,184,4,CrostonSBA,3,43,2025-05-15
1.1099234460488787,3.98247723039691,0.9001153782759189,12.456521739130435,184,41,SeasonalNaive,3,43,2025-05-15
0.9002424507163087,1.8919929081591744,0.7193491526335622,8.352941176470589,187,23,TSB_0.05_0.05,1,44,2025-04-17
0.8881989109365942,1.9048270645413419,0.7177726890813805,9.320855614973262,187,30,TSB_0.05_0.1,1,44,2025-04-17
0.8805674874075358,1.913421865390749,0.717217922950829,10.090909090909092,187,37,TSB_0.05_0.15,1,44,2025-04-17
0.875550986114639,1.921556819898779,0.7174838037895884,10.754010695187166,187,40,TSB_0.05_0.2,1,44,2025-04-17
0.8719252514273943,1.9409718590219853,0.7192062134961581,12.593582887700535,187,49,TSB_0.05_0.3,1,44,2025-04-17
0.8759701846257545,1.9657496207339809,0.7228863346158083,13.86096256684492,187,66,TSB_0.05_0.4,1,44,2025-04-17
0.8860320774374708,1.9956012771013376,0.7284163938901532,15.06951871657754,187,77,TSB_0.05_0.5,1,44,2025-04-17
0.9064515119014982,1.892901929784504,0.7246612454833466,8.165775401069519,187,20,TSB_0.1_0.05,1,44,2025-04-17
0.8938384255189089,1.9058170788187079,0.7224725531390276,9.080213903743315,187,28,TSB_0.1_0.1,1,44,2025-04-17
0.8859104461333015,1.914713454616645,0.7215495988471213,9.893048128342246,187,33,TSB_0.1_0.15,1,44,2025-04-17
0.8807521306715941,1.9233177617613204,0.7215466344360953,10.614973262032086,187,42,TSB_0.1_0.2,1,44,2025-04-17
0.8771951293147243,1.9441262711050111,0.7230648204927094,12.427807486631016,187,48,TSB_0.1_0.3,1,44,2025-04-17
0.8811993288310953,1.970752960082184,0.7263363227175804,13.871657754010695,187,66,TSB_0.1_0.4,1,44,2025-04-17
0.8907624114182494,2.002700320848165,0.7310793427069411,15.213903743315509,187,77,TSB_0.1_0.5,1,44,2025-04-17
0.9114947947714626,1.8953809119532061,0.7297599813145682,8.3475935828877,187,20,TSB_0.15_0.05,1,44,2025-04-17
0.8982626164294599,1.908497090156553,0.7267740269971579,9.197860962566844,187,28,TSB_0.15_0.1,1,44,2025-04-17
0.8903457513403085,1.9177808307446949,0.7258056094456049,10.037433155080214,187,32,TSB_0.15_0.15,1,44,2025-04-17
0.885117282770509,1.9269484543963207,0.7255440533507341,10.705882352941176,187,41,TSB_0.15_0.2,1,44,2025-04-17
0.8817265443127851,1.949434822647457,0.7267990077246624,12.60427807486631,187,48,TSB_0.15_0.3,1,44,2025-04-17
0.8860618076232345,1.978408902025318,0.7298928988243042,14.037433155080214,187,64,TSB_0.15_0.4,1,44,2025-04-17
0.89648562276382,2.0132619126196096,0.7351082634382369,15.368983957219251,187,77,TSB_0.15_0.5,1,44,2025-04-17
0.915564146942571,1.8980905186936208,0.7346980456432785,8.53475935828877,187,20,TSB_0.2_0.05,1,44,2025-04-17
0.9020738636477916,1.9114109823437713,0.7314365573586705,9.427807486631016,187,29,TSB_0.2_0.1,1,44,2025-04-17
0.8938157733030542,1.921025401055679,0.7300278128857334,10.181818181818182,187,31,TSB_0.2_0.15,1,44,2025-04-17
0.8886607275846384,1.9306692198040243,0.7298589494569431,10.919786096256685,187,42,TSB_0.2_0.2,1,44,2025-04-17
0.8856516435728184,1.9546099045307332,0.7312219921259211,12.732620320855615,187,47,TSB_0.2_0.3,1,44,2025-04-17
0.8906585733872407,1.9856667694019206,0.7348030129973331,14.197860962566844,187,64,TSB_0.2_0.4,1,44,2025-04-17
0.9015165358843005,2.023144360302549,0.7400411154772573,15.53475935828877,187,77,TSB_0.2_0.5,1,44,2025-04-17
0.9217350398171892,1.9036366286132074,0.7445135444086388,9.053475935828876,187,20,TSB_0.3_0.05,1,44,2025-04-17
0.9076787840136847,1.917263312184748,0.7404625566257624,9.88770053475936,187,30,TSB_0.3_0.1,1,44,2025-04-17
0.8989590064483477,1.9273428001662674,0.7383694041438963,10.550802139037433,187,33,TSB_0.3_0.15,1,44,2025-04-17
0.8934088974367067,1.9376729439394738,0.7377234043403854,11.491978609625669,187,39,TSB_0.3_0.2,1,44,2025-04-17
0.8907088569789698,1.9638262175292411,0.7390771529247151,13.122994652406417,187,51,TSB_0.3_0.3,1,44,2025-04-17
0.8964687906676485,1.9981485811750554,0.7431793887035294,14.631016042780749,187,65,TSB_0.3_0.4,1,44,2025-04-17
0.9078413671391564,2.039777588836354,0.748318436116567,15.946524064171124,187,79,TSB_0.3_0.5,1,44,2025-04-17
0.9260512412344039,1.9095231694570567,0.7533973960838379,9.545454545454545,187,21,TSB_0.4_0.05,1,44,2025-04-17
0.911878904522792,1.9233238440135283,0.7492686655673905,10.37433155080214,187,31,TSB_0.4_0.1,1,44,2025-04-17
0.9029193988987682,1.9336692362566015,0.7468893570034152,11.037433155080214,187,34,TSB_0.4_0.15,1,44,2025-04-17
0.8974469584806597,1.9444199374113573,0.7463105356094477,11.903743315508022,187,38,TSB_0.4_0.2,1,44,2025-04-17
0.8945544638053294,1.9720823530987608,0.7476079333026414,13.588235294117647,187,51,TSB_0.4_0.3,1,44,2025-04-17
0.900369648660381,2.0087539679659496,0.751408224864645,15.128342245989305,187,65,TSB_0.4_0.4,1,44,2025-04-17
0.911825784457748,2.053410945696552,0.7563004970315848,16.36898395721925,187,81,TSB_0.4_0.5,1,44,2025-04-17
0.9299123190421084,1.915818790180033,0.7622813545196041,10.27807486631016,187,24,TSB_0.5_0.05,1,44,2025-04-17
0.9151984639949005,1.9296845873573678,0.7575518738014182,11.11229946524064,187,34,TSB_0.5_0.1,1,44,2025-04-17
0.9063686001979977,1.9401459270698131,0.755535240809799,11.705882352941176,187,38,TSB_0.5_0.15,1,44,2025-04-17
0.9007624190332642,1.9511151708451715,0.7547434521089311,12.48663101604278,187,43,TSB_0.5_0.2,1,44,2025-04-17
0.8975452077827355,1.97974227307751,0.7557208638031061,14.144385026737968,187,51,TSB_0.5_0.3,1,44,2025-04-17
0.9031362610876918,2.0180583035547146,0.7590107283276822,15.689839572192513,187,68,TSB_0.5_0.4,1,44,2025-04-17
0.9147880347855968,2.0649002417337243,0.7639055175391322,16.81283422459893,187,85,TSB_0.5_0.5,1,44,2025-04-17
1.0011554391448032,1.9053246022150716,0.738226866904764,6.5133689839572195,187,6,CrostonSBA,1,44,2025-04-17
1.011474781338767,2.2303323768811265,0.9048968666351755,11.83957219251337,187,48,SeasonalNaive,1,44,2025-04-17
0.8291848504430104,1.8287140458340738,0.8073384768618471,7.362637362637362,182,14,TSB_0.05_0.05,2,44,2025-05-01
0.8486597764412074,1.843558518939867,0.8221255843069735,7.741758241758242,182,14,TSB_0.05_0.1,2,44,2025-05-01
0.8673206197030209,1.8601528440610986,0.8355316884051005,8.214285714285714,182,18,TSB_0.05_0.15,2,44,2025-05-01
0.8824260765334178,1.8777358323280857,0.8462237717053038,8.565934065934066,182,24,TSB_0.05_0.2,2,44,2025-05-01
0.9036050729964006,1.9146659321684043,0.8604351455382508,9.302197802197803,182,33,TSB_0.05_0.3,2,44,2025-05-01
0.9187588994764471,1.9533651040891784,0.869574116360322,9.813186813186814,182,44,TSB_0.05_0.4,2,44,2025-05-01
0.9328422805978136,1.9943578384918432,0.8780449443872201,10.39010989010989,182,50,TSB_0.05_0.5,2,44,2025-05-01
0.8422507385867002,1.831177013335667,0.8239800653349688,7.450549450549451,182,13,TSB_0.1_0.05,2,44,2025-05-01
0.8625541698398973,1.8468335401616698,0.8396529148020658,7.7967032967032965,182,13,TSB_0.1_0.1,2,44,2025-05-01
0.8823022030636432,1.864813502534351,0.8541221298967172,8.219780219780219,182,16,TSB_0.1_0.15,2,44,2025-05-01
0.8985053761148453,1.8843631972300101,0.865760023351976,8.631868131868131,182,21,TSB_0.1_0.2,2,44,2025-05-01
0.9219456278754496,1.9265809854362088,0.8814048207236828,9.406593406593407,182,32,TSB_0.1_0.3,2,44,2025-05-01
0.9389418961681579,1.9718998452735987,0.8911772957844838,9.934065934065934,182,43,TSB_0.1_0.4,2,44,2025-05-01
0.9547136112028958,2.0205034672564612,0.8997781982417364,10.472527472527473,182,50,TSB_0.1_0.5,2,44,2025-05-01
0.8529923788166026,1.8352500354093715,0.8391014674606871,7.65934065934066,182,12,TSB_0.15_0.05,2,44,2025-05-01
0.8731881465456941,1.8515527309390412,0.854586884132627,7.8901098901098905,182,13,TSB_0.15_0.1,2,44,2025-05-01
0.8934678607946887,1.8706434748327636,0.8693219141758208,8.285714285714286,182,16,TSB_0.15_0.15,2,44,2025-05-01
0.9103273944265328,1.8917078465535335,0.881439609506834,8.626373626373626,182,20,TSB_0.15_0.2,2,44,2025-05-01
0.9352889092425252,1.937925436821595,0.898303972655643,9.456043956043956,182,32,TSB_0.15_0.3,2,44,2025-05-01
0.9537248209912531,1.9882782765570364,0.9088680002212656,10.0,182,43,TSB_0.15_0.4,2,44,2025-05-01
0.9706783953480254,2.0427237594295224,0.9175132974643229,10.565934065934066,182,49,TSB_0.15_0.5,2,44,2025-05-01
0.8622620116384283,1.8395230858142735,0.8527345420770005,7.758241758241758,182,13,TSB_0.2_0.05,2,44,2025-05-01
0.8822984445353609,1.8562831458432993,0.8680678568649858,8.032967032967033,182,13,TSB_0.2_0.1,2,44,2025-05-01
0.9030860494106326,1.8761702296859104,0.8833207641779424,8.335164835164836,182,16,TSB_0.2_0.15,2,44,2025-05-01
0.9204636202277322,1.8983122490094013,0.8959622155017787,8.648351648351648,182,19,TSB_0.2_0.2,2,44,2025-05-01
0.9460699485100947,1.9474137339336595,0.912977053700588,9.510989010989011,182,32,TSB_0.2_0.3,2,44,2025-05-01
0.9651478198729326,2.0015056666009152,0.9234820502098575,10.021978021978022,182,43,TSB_0.2_0.4,2,44,2025-05-01
0.9830269651826794,2.060402652226636,0.9323246992791261,10.62087912087912,182,48,TSB_0.2_0.5,2,44,2025-05-01
0.8771651236440728,1.8474917805145554,0.8739802992933245,8.005494505494505,182,13,TSB_0.3_0.05,2,44,2025-05-01
0.8972365203582064,1.8647777026626506,0.8893794308514665,8.285714285714286,182,14,TSB_0.3_0.1,2,44,2025-05-01
0.9175951380947194,1.8855461415192758,0.9042759677276003,8.516483516483516,182,16,TSB_0.3_0.15,2,44,2025-05-01
0.9351984740517217,1.9088649557968007,0.9169490345582869,8.774725274725276,182,20,TSB_0.3_0.2,2,44,2025-05-01
0.9613737062494385,1.9612512676431044,0.9338749905379707,9.571428571428571,182,31,TSB_0.3_0.3,2,44,2025-05-01
0.9811083862739488,2.0199306328028306,0.9443334288759024,10.18131868131868,182,41,TSB_0.3_0.4,2,44,2025-05-01
0.9997141013468263,2.08463785888325,0.9529806216338211,10.648351648351648,182,47,TSB_0.3_0.5,2,44,2025-05-01
0.8880562016503576,1.8546089246663666,0.8880606774558447,8.307692307692308,182,13,TSB_0.4_0.05,2,44,2025-05-01
0.9078785149295876,1.8720917599420848,0.9033867734327624,8.510989010989011,182,16,TSB_0.4_0.1,2,44,2025-05-01
0.9280382269055198,1.8931220254088137,0.9182673642149569,8.736263736263735,182,18,TSB_0.4_0.15,2,44,2025-05-01
0.9450680899481523,1.9167777903289815,0.9303787501781654,8.906593406593407,182,23,TSB_0.4_0.2,2,44,2025-05-01
0.9713785985790584,1.9703319577379006,0.9473864006542552,9.532967032967033,182,31,TSB_0.4_0.3,2,44,2025-05-01
0.9911195312219659,2.0311219217323346,0.9577574194392816,10.247252747252746,182,39,TSB_0.4_0.4,2,44,2025-05-01
1.0101484485032948,2.0989846707866047,0.9662140509985333,10.719780219780219,182,47,TSB_0.4_0.5,2,44,2025-05-01
0.8970839830149444,1.8614110779461062,0.8993743156178068,8.653846153846153,182,14,TSB_0.5_0.05,2,44,2025-05-01
0.9165236064437167,1.8789622764263092,0.9146198612066467,8.741758241758241,182,17,TSB_0.5_0.1,2,44,2025-05-01
0.9362018599249616,1.8999876585128963,0.9291764456044299,8.961538461538462,182,21,TSB_0.5_0.15,2,44,2025-05-01
0.9529819962405132,1.9236174925512262,0.9412770616183064,9.126373626373626,182,22,TSB_0.5_0.2,2,44,2025-05-01
0.9786478954586707,1.9774152017763629,0.9579110527120731,9.587912087912088,182,31,TSB_0.5_0.3,2,44,2025-05-01
0.9983317752953664,2.0392095907842718,0.9680584337524606,10.263736263736265,182,37,TSB_0.5_0.4,2,44,2025-05-01
1.0177011573131118,2.109030739121431,0.9762910547918691,10.758241758241759,182,48,TSB_0.5_0.5,2,44,2025-05-01
0.8971236889778221,1.823470756130814,0.8079903654823989,6.950549450549451,182,6,CrostonSBA,2,44,2025-05-01
1.1534185542642155,2.483858519123168,1.1814432989690722,10.032967032967033,182,25,SeasonalNaive,2,44,2025-05-01
0.9126108649392367,2.407505917254837,0.741156326237151,8.185792349726777,183,19,TSB_0.05_0.05,3,44,2025-05-15
0.916856818849501,2.4147883244694106,0.7459019516138494,8.655737704918034,183,22,TSB_0.05_0.1,3,44,2025-05-15
0.9202444192943338,2.4221893458009185,0.7493189125812412,9.202185792349727,183,26,TSB_0.05_0.15,3,44,2025-05-15
0.9232965709506993,2.4308805882757794,0.7524365963771179,9.978142076502733,183,31,TSB_0.05_0.2,3,44,2025-05-15
0.9298411651176214,2.4503755373943834,0.7594525626368095,11.841530054644808,183,45,TSB_0.05_0.3,3,44,2025-05-15
0.9352287880414704,2.470442151988328,0.7664281492965012,12.814207650273223,183,56,TSB_0.05_0.4,3,44,2025-05-15
0.9399238163702576,2.4893607497453116,0.7732142502750122,13.628415300546449,183,62,TSB_0.05_0.5,3,44,2025-05-15
0.9139207536240451,2.4066737611326907,0.7417401544385951,8.191256830601093,183,17,TSB_0.1_0.05,3,44,2025-05-15
0.9178198665254831,2.413850913442868,0.7464479790925036,8.59016393442623,183,22,TSB_0.1_0.1,3,44,2025-05-15
0.9209399594312224,2.42117881792958,0.7499002806450132,9.224043715846994,183,27,TSB_0.1_0.15,3,44,2025-05-15
0.9238572334898026,2.429726411345436,0.7530574924460923,10.021857923497267,183,30,TSB_0.1_0.2,3,44,2025-05-15
0.9294657493454161,2.448761478357889,0.7595952268743978,11.781420765027322,183,44,TSB_0.1_0.3,3,44,2025-05-15
0.934303312148408,2.4684413495545225,0.7661199923888876,12.737704918032787,183,56,TSB_0.1_0.4,3,44,2025-05-15
0.9388092969038557,2.487355421799394,0.7725004121247658,13.508196721311476,183,61,TSB_0.1_0.5,3,44,2025-05-15
0.9150945270458578,2.4070405393029533,0.7445254690234752,8.21311475409836,183,15,TSB_0.15_0.05,3,44,2025-05-15
0.9187963773317316,2.4142294169352296,0.7492561864648277,8.699453551912569,183,22,TSB_0.15_0.1,3,44,2025-05-15
0.9214776348777783,2.4215424181256595,0.7523276919690978,9.382513661202186,183,27,TSB_0.15_0.15,3,44,2025-05-15
0.9241349074726755,2.430016504939051,0.755417901652303,10.174863387978142,183,31,TSB_0.15_0.2,3,44,2025-05-15
0.9292235079096879,2.448833994536053,0.7617878047592138,11.825136612021858,183,43,TSB_0.15_0.3,3,44,2025-05-15
0.9337344446087524,2.4684332911513165,0.7680266402656667,12.775956284153006,183,57,TSB_0.15_0.4,3,44,2025-05-15
0.9378706955678793,2.4875979388807554,0.7739414517452359,13.540983606557377,183,62,TSB_0.15_0.5,3,44,2025-05-15
0.9163838758830423,2.4077994934304026,0.7485954606459044,8.349726775956285,183,15,TSB_0.2_0.05,3,44,2025-05-15
0.9197348188138457,2.4150079429433506,0.7531103734984002,8.814207650273223,183,22,TSB_0.2_0.1,3,44,2025-05-15
0.922244230235097,2.422289235869987,0.7562259531320081,9.53551912568306,183,27,TSB_0.2_0.15,3,44,2025-05-15
0.9245165349101379,2.4306772733575905,0.7590587031686816,10.306010928961749,183,32,TSB_0.2_0.2,3,44,2025-05-15
0.9292317546806264,2.4492818933014484,0.7653187578972896,11.901639344262295,183,45,TSB_0.2_0.3,3,44,2025-05-15
0.9334545111508441,2.468797680399399,0.771406381994556,12.879781420765028,183,58,TSB_0.2_0.4,3,44,2025-05-15
0.9373876154635926,2.4881354311906336,0.7771875006794661,13.683060109289617,183,62,TSB_0.2_0.5,3,44,2025-05-15
0.9198371250468008,2.4100023494521468,0.7590773529625261,8.60655737704918,183,16,TSB_0.3_0.05,3,44,2025-05-15
0.9224916583386948,2.41727743951982,0.7633257265971238,9.131147540983607,183,23,TSB_0.3_0.1,3,44,2025-05-15
0.9246897064858536,2.424493166404442,0.7663552373030185,9.759562841530055,183,29,TSB_0.3_0.15,3,44,2025-05-15
0.9263660155313196,2.4327076697456653,0.7688093153789811,10.562841530054644,183,32,TSB_0.3_0.2,3,44,2025-05-15
0.9296946824923411,2.4508851506755387,0.7740796119008916,12.032786885245901,183,46,TSB_0.3_0.3,3,44,2025-05-15
0.9332318692040269,2.4701255066290595,0.7797136790790135,13.114754098360656,183,58,TSB_0.3_0.4,3,44,2025-05-15
0.9367577229156663,2.489472566064935,0.78527042888589,13.950819672131148,183,64,TSB_0.3_0.5,3,44,2025-05-15
0.9238561916048685,2.4129775886149876,0.7705638393492743,9.0,183,16,TSB_0.4_0.05,3,44,2025-05-15
0.9261192756063941,2.4203443144638745,0.774615638933497,9.426229508196721,183,24,TSB_0.4_0.1,3,44,2025-05-15
0.9278921602561553,2.4275059778214962,0.7772373610034238,10.098360655737705,183,29,TSB_0.4_0.15,3,44,2025-05-15
0.9291328020001495,2.4355604726981697,0.7795232236035403,10.907103825136613,183,36,TSB_0.4_0.2,3,44,2025-05-15
0.9314838318876297,2.4533241473602923,0.7843110845697535,12.344262295081966,183,47,TSB_0.4_0.3,3,44,2025-05-15
0.9340294779329409,2.4721729605588862,0.7894481566492468,13.40983606557377,183,58,TSB_0.4_0.4,3,44,2025-05-15
0.9368266805319805,2.491178970503148,0.7945872986026091,14.262295081967213,183,64,TSB_0.4_0.5,3,44,2025-05-15
0.9287257336510868,2.416749760558242,0.7830385022669444,9.442622950819672,183,20,TSB_0.5_0.05,3,44,2025-05-15
0.9306414911506355,2.4242042694575234,0.786881410271983,9.868852459016393,183,27,TSB_0.5_0.1,3,44,2025-05-15
0.9317578004424515,2.431303662179049,0.7888973991650124,10.519125683060109,183,34,TSB_0.5_0.15,3,44,2025-05-15
0.9324879381920286,2.4391979709659593,0.7907925145674646,11.191256830601093,183,39,TSB_0.5_0.2,3,44,2025-05-15
0.9339301590314539,2.4565504756452454,0.795174591050102,12.557377049180328,183,49,TSB_0.5_0.3,3,44,2025-05-15
0.9353322617421828,2.4749357254705484,0.7995991560386192,13.770491803278688,183,58,TSB_0.5_0.4,3,44,2025-05-15
0.9373124039694563,2.4933870283726316,0.8043710686803129,14.584699453551913,183,66,TSB_0.5_0.5,3,44,2025-05-15
0.9707113528448084,2.4070939196094594,0.7397199559716346,7.306010928961749,183,7,CrostonSBA,3,44,2025-05-15
1.0556019287344787,2.8895938555248835,0.9161777032690696,10.994535519125684,183,41,SeasonalNaive,3,44,2025-05-15
